http://edwards.yale.edu/archive?path=aHR0cDovL2Vkd2FyZHMueWFsZS5lZHUvY2dpLWJpbi9uZXdwaGlsby9zZWxlY3QucGw/d2plby4w,d2plby4w.html
http://edwards.yale.edu/archive?path=aHR0cDovL2Vkd2FyZHMueWFsZS5lZHUvY2dpLWJpbi9uZXdwaGlsby9zZWxlY3QucGw/d2plby4x,d2plby4x.html
http://edwards.yale.edu/archive?path=aHR0cDovL2Vkd2FyZHMueWFsZS5lZHUvY2dpLWJpbi9uZXdwaGlsby9zZWxlY3QucGw/d2plby4y,d2plby4y.html
http://edwards.yale.edu/archive?path=aHR0cDovL2Vkd2FyZHMueWFsZS5lZHUvY2dpLWJpbi9uZXdwaGlsby9zZWxlY3QucGw/d2plby4z,d2plby4z.html
http://edwards.yale.edu/archive?path=aHR0cDovL2Vkd2FyZHMueWFsZS5lZHUvY2dpLWJpbi9uZXdwaGlsby9zZWxlY3QucGw/d2plby40,d2plby40.html
http://edwards.yale.edu/archive?path=aHR0cDovL2Vkd2FyZHMueWFsZS5lZHUvY2dpLWJpbi9uZXdwaGlsby9zZWxlY3QucGw/d2plby41,d2plby41.html
http://edwards.yale.edu/archive?path=aHR0cDovL2Vkd2FyZHMueWFsZS5lZHUvY2dpLWJpbi9uZXdwaGlsby9zZWxlY3QucGw/d2plby42,d2plby42.html
http://edwards.yale.edu/archive?path=aHR0cDovL2Vkd2FyZHMueWFsZS5lZHUvY2dpLWJpbi9uZXdwaGlsby9zZWxlY3QucGw/d2plby43,d2plby43.html
http://edwards.yale.edu/archive?path=aHR0cDovL2Vkd2FyZHMueWFsZS5lZHUvY2dpLWJpbi9uZXdwaGlsby9zZWxlY3QucGw/d2plby44,d2plby44.html
http://edwards.yale.edu/archive?path=aHR0cDovL2Vkd2FyZHMueWFsZS5lZHUvY2dpLWJpbi9uZXdwaGlsby9zZWxlY3QucGw/d2plby45,d2plby45.html
http://edwards.yale.edu/archive?path=aHR0cDovL2Vkd2FyZHMueWFsZS5lZHUvY2dpLWJpbi9uZXdwaGlsby9zZWxlY3QucGw/d2plby4xMA==,d2plby4xMA==.html
http://edwards.yale.edu/archive?path=aHR0cDovL2Vkd2FyZHMueWFsZS5lZHUvY2dpLWJpbi9uZXdwaGlsby9zZWxlY3QucGw/d2plby4xMQ==,d2plby4xMQ==.html
http://edwards.yale.edu/archive?path=aHR0cDovL2Vkd2FyZHMueWFsZS5lZHUvY2dpLWJpbi9uZXdwaGlsby9zZWxlY3QucGw/d2plby4xMg==,d2plby4xMg==.html
http://edwards.yale.edu/archive?path=aHR0cDovL2Vkd2FyZHMueWFsZS5lZHUvY2dpLWJpbi9uZXdwaGlsby9zZWxlY3QucGw/d2plby4xMw==,d2plby4xMw==.html
http://edwards.yale.edu/archive?path=aHR0cDovL2Vkd2FyZHMueWFsZS5lZHUvY2dpLWJpbi9uZXdwaGlsby9zZWxlY3QucGw/d2plby4xNA==,d2plby4xNA==.html
http://edwards.yale.edu/archive?path=aHR0cDovL2Vkd2FyZHMueWFsZS5lZHUvY2dpLWJpbi9uZXdwaGlsby9zZWxlY3QucGw/d2plby4xNQ==,d2plby4xNQ==.html
http://edwards.yale.edu/archive?path=aHR0cDovL2Vkd2FyZHMueWFsZS5lZHUvY2dpLWJpbi9uZXdwaGlsby9zZWxlY3QucGw/d2plby4xNg==,d2plby4xNg==.html
http://edwards.yale.edu/archive?path=aHR0cDovL2Vkd2FyZHMueWFsZS5lZHUvY2dpLWJpbi9uZXdwaGlsby9zZWxlY3QucGw/d2plby4xNw==,d2plby4xNw==.html
http://edwards.yale.edu/archive?path=aHR0cDovL2Vkd2FyZHMueWFsZS5lZHUvY2dpLWJpbi9uZXdwaGlsby9zZWxlY3QucGw/d2plby4xOA==,d2plby4xOA==.html
http://edwards.yale.edu/archive?path=aHR0cDovL2Vkd2FyZHMueWFsZS5lZHUvY2dpLWJpbi9uZXdwaGlsby9zZWxlY3QucGw/d2plby4xOQ==,d2plby4xOQ==.html
http://edwards.yale.edu/archive?path=aHR0cDovL2Vkd2FyZHMueWFsZS5lZHUvY2dpLWJpbi9uZXdwaGlsby9zZWxlY3QucGw/d2plby4yMA==,d2plby4yMA==.html
http://edwards.yale.edu/archive?path=aHR0cDovL2Vkd2FyZHMueWFsZS5lZHUvY2dpLWJpbi9uZXdwaGlsby9zZWxlY3QucGw/d2plby4yMQ==,d2plby4yMQ==.html
http://edwards.yale.edu/archive?path=aHR0cDovL2Vkd2FyZHMueWFsZS5lZHUvY2dpLWJpbi9uZXdwaGlsby9zZWxlY3QucGw/d2plby4yMg==,d2plby4yMg==.html
http://edwards.yale.edu/archive?path=aHR0cDovL2Vkd2FyZHMueWFsZS5lZHUvY2dpLWJpbi9uZXdwaGlsby9zZWxlY3QucGw/d2plby4yMw==,d2plby4yMw==.html
http://edwards.yale.edu/archive?path=aHR0cDovL2Vkd2FyZHMueWFsZS5lZHUvY2dpLWJpbi9uZXdwaGlsby9zZWxlY3QucGw/d2plby4yNA==,d2plby4yNA==.html
http://edwards.yale.edu/archive?path=aHR0cDovL2Vkd2FyZHMueWFsZS5lZHUvY2dpLWJpbi9uZXdwaGlsby9zZWxlY3QucGw/d2plby4yNQ==,d2plby4yNQ==.html
http://edwards.yale.edu/archive?path=aHR0cDovL2Vkd2FyZHMueWFsZS5lZHUvY2dpLWJpbi9uZXdwaGlsby9zZWxlY3QucGw/d2plby4yNg==,d2plby4yNg==.html
http://edwards.yale.edu/archive?path=aHR0cDovL2Vkd2FyZHMueWFsZS5lZHUvY2dpLWJpbi9uZXdwaGlsby9zZWxlY3QucGw/d2plby4yNw==,d2plby4yNw==.html
http://edwards.yale.edu/archive?path=aHR0cDovL2Vkd2FyZHMueWFsZS5lZHUvY2dpLWJpbi9uZXdwaGlsby9zZWxlY3QucGw/d2plby4yOA==,d2plby4yOA==.html
http://edwards.yale.edu/archive?path=aHR0cDovL2Vkd2FyZHMueWFsZS5lZHUvY2dpLWJpbi9uZXdwaGlsby9zZWxlY3QucGw/d2plby4yOQ==,d2plby4yOQ==.html
http://edwards.yale.edu/archive?path=aHR0cDovL2Vkd2FyZHMueWFsZS5lZHUvY2dpLWJpbi9uZXdwaGlsby9zZWxlY3QucGw/d2plby4zMA==,d2plby4zMA==.html
http://edwards.yale.edu/archive?path=aHR0cDovL2Vkd2FyZHMueWFsZS5lZHUvY2dpLWJpbi9uZXdwaGlsby9zZWxlY3QucGw/d2plby4zMQ==,d2plby4zMQ==.html
http://edwards.yale.edu/archive?path=aHR0cDovL2Vkd2FyZHMueWFsZS5lZHUvY2dpLWJpbi9uZXdwaGlsby9zZWxlY3QucGw/d2plby4zMg==,d2plby4zMg==.html
http://edwards.yale.edu/archive?path=aHR0cDovL2Vkd2FyZHMueWFsZS5lZHUvY2dpLWJpbi9uZXdwaGlsby9zZWxlY3QucGw/d2plby4zMw==,d2plby4zMw==.html
http://edwards.yale.edu/archive?path=aHR0cDovL2Vkd2FyZHMueWFsZS5lZHUvY2dpLWJpbi9uZXdwaGlsby9zZWxlY3QucGw/d2plby4zNA==,d2plby4zNA==.html
http://edwards.yale.edu/archive?path=aHR0cDovL2Vkd2FyZHMueWFsZS5lZHUvY2dpLWJpbi9uZXdwaGlsby9zZWxlY3QucGw/d2plby4zNQ==,d2plby4zNQ==.html
http://edwards.yale.edu/archive?path=aHR0cDovL2Vkd2FyZHMueWFsZS5lZHUvY2dpLWJpbi9uZXdwaGlsby9zZWxlY3QucGw/d2plby4zNg==,d2plby4zNg==.html
http://edwards.yale.edu/archive?path=aHR0cDovL2Vkd2FyZHMueWFsZS5lZHUvY2dpLWJpbi9uZXdwaGlsby9zZWxlY3QucGw/d2plby4zNw==,d2plby4zNw==.html
http://edwards.yale.edu/archive?path=aHR0cDovL2Vkd2FyZHMueWFsZS5lZHUvY2dpLWJpbi9uZXdwaGlsby9zZWxlY3QucGw/d2plby4zOA==,d2plby4zOA==.html
http://edwards.yale.edu/archive?path=aHR0cDovL2Vkd2FyZHMueWFsZS5lZHUvY2dpLWJpbi9uZXdwaGlsby9zZWxlY3QucGw/d2plby4zOQ==,d2plby4zOQ==.html
http://edwards.yale.edu/archive?path=aHR0cDovL2Vkd2FyZHMueWFsZS5lZHUvY2dpLWJpbi9uZXdwaGlsby9zZWxlY3QucGw/d2plby40MA==,d2plby40MA==.html
http://edwards.yale.edu/archive?path=aHR0cDovL2Vkd2FyZHMueWFsZS5lZHUvY2dpLWJpbi9uZXdwaGlsby9zZWxlY3QucGw/d2plby40MQ==,d2plby40MQ==.html
http://edwards.yale.edu/archive?path=aHR0cDovL2Vkd2FyZHMueWFsZS5lZHUvY2dpLWJpbi9uZXdwaGlsby9zZWxlY3QucGw/d2plby40Mg==,d2plby40Mg==.html
http://edwards.yale.edu/archive?path=aHR0cDovL2Vkd2FyZHMueWFsZS5lZHUvY2dpLWJpbi9uZXdwaGlsby9zZWxlY3QucGw/d2plby40Mw==,d2plby40Mw==.html
http://edwards.yale.edu/archive?path=aHR0cDovL2Vkd2FyZHMueWFsZS5lZHUvY2dpLWJpbi9uZXdwaGlsby9zZWxlY3QucGw/d2plby40NA==,d2plby40NA==.html
http://edwards.yale.edu/archive?path=aHR0cDovL2Vkd2FyZHMueWFsZS5lZHUvY2dpLWJpbi9uZXdwaGlsby9zZWxlY3QucGw/d2plby40NQ==,d2plby40NQ==.html
http://edwards.yale.edu/archive?path=aHR0cDovL2Vkd2FyZHMueWFsZS5lZHUvY2dpLWJpbi9uZXdwaGlsby9zZWxlY3QucGw/d2plby40Ng==,d2plby40Ng==.html
http://edwards.yale.edu/archive?path=aHR0cDovL2Vkd2FyZHMueWFsZS5lZHUvY2dpLWJpbi9uZXdwaGlsby9zZWxlY3QucGw/d2plby40Nw==,d2plby40Nw==.html
http://edwards.yale.edu/archive?path=aHR0cDovL2Vkd2FyZHMueWFsZS5lZHUvY2dpLWJpbi9uZXdwaGlsby9zZWxlY3QucGw/d2plby40OA==,d2plby40OA==.html
http://edwards.yale.edu/archive?path=aHR0cDovL2Vkd2FyZHMueWFsZS5lZHUvY2dpLWJpbi9uZXdwaGlsby9zZWxlY3QucGw/d2plby40OQ==,d2plby40OQ==.html
http://edwards.yale.edu/archive?path=aHR0cDovL2Vkd2FyZHMueWFsZS5lZHUvY2dpLWJpbi9uZXdwaGlsby9zZWxlY3QucGw/d2plby41MA==,d2plby41MA==.html
http://edwards.yale.edu/archive?path=aHR0cDovL2Vkd2FyZHMueWFsZS5lZHUvY2dpLWJpbi9uZXdwaGlsby9zZWxlY3QucGw/d2plby41MQ==,d2plby41MQ==.html
http://edwards.yale.edu/archive?path=aHR0cDovL2Vkd2FyZHMueWFsZS5lZHUvY2dpLWJpbi9uZXdwaGlsby9zZWxlY3QucGw/d2plby41Mg==,d2plby41Mg==.html
http://edwards.yale.edu/archive?path=aHR0cDovL2Vkd2FyZHMueWFsZS5lZHUvY2dpLWJpbi9uZXdwaGlsby9zZWxlY3QucGw/d2plby41Mw==,d2plby41Mw==.html
http://edwards.yale.edu/archive?path=aHR0cDovL2Vkd2FyZHMueWFsZS5lZHUvY2dpLWJpbi9uZXdwaGlsby9zZWxlY3QucGw/d2plby41NA==,d2plby41NA==.html
http://edwards.yale.edu/archive?path=aHR0cDovL2Vkd2FyZHMueWFsZS5lZHUvY2dpLWJpbi9uZXdwaGlsby9zZWxlY3QucGw/d2plby41NQ==,d2plby41NQ==.html
http://edwards.yale.edu/archive?path=aHR0cDovL2Vkd2FyZHMueWFsZS5lZHUvY2dpLWJpbi9uZXdwaGlsby9zZWxlY3QucGw/d2plby41Ng==,d2plby41Ng==.html
http://edwards.yale.edu/archive?path=aHR0cDovL2Vkd2FyZHMueWFsZS5lZHUvY2dpLWJpbi9uZXdwaGlsby9zZWxlY3QucGw/d2plby41Nw==,d2plby41Nw==.html
http://edwards.yale.edu/archive?path=aHR0cDovL2Vkd2FyZHMueWFsZS5lZHUvY2dpLWJpbi9uZXdwaGlsby9zZWxlY3QucGw/d2plby41OA==,d2plby41OA==.html
http://edwards.yale.edu/archive?path=aHR0cDovL2Vkd2FyZHMueWFsZS5lZHUvY2dpLWJpbi9uZXdwaGlsby9zZWxlY3QucGw/d2plby41OQ==,d2plby41OQ==.html
http://edwards.yale.edu/archive?path=aHR0cDovL2Vkd2FyZHMueWFsZS5lZHUvY2dpLWJpbi9uZXdwaGlsby9zZWxlY3QucGw/d2plby42MA==,d2plby42MA==.html
http://edwards.yale.edu/archive?path=aHR0cDovL2Vkd2FyZHMueWFsZS5lZHUvY2dpLWJpbi9uZXdwaGlsby9zZWxlY3QucGw/d2plby42MQ==,d2plby42MQ==.html
http://edwards.yale.edu/archive?path=aHR0cDovL2Vkd2FyZHMueWFsZS5lZHUvY2dpLWJpbi9uZXdwaGlsby9zZWxlY3QucGw/d2plby42Mg==,d2plby42Mg==.html
http://edwards.yale.edu/archive?path=aHR0cDovL2Vkd2FyZHMueWFsZS5lZHUvY2dpLWJpbi9uZXdwaGlsby9zZWxlY3QucGw/d2plby42Mw==,d2plby42Mw==.html
http://edwards.yale.edu/archive?path=aHR0cDovL2Vkd2FyZHMueWFsZS5lZHUvY2dpLWJpbi9uZXdwaGlsby9zZWxlY3QucGw/d2plby42NA==,d2plby42NA==.html
http://edwards.yale.edu/archive?path=aHR0cDovL2Vkd2FyZHMueWFsZS5lZHUvY2dpLWJpbi9uZXdwaGlsby9zZWxlY3QucGw/d2plby42NQ==,d2plby42NQ==.html
http://edwards.yale.edu/archive?path=aHR0cDovL2Vkd2FyZHMueWFsZS5lZHUvY2dpLWJpbi9uZXdwaGlsby9zZWxlY3QucGw/d2plby42Ng==,d2plby42Ng==.html
http://edwards.yale.edu/archive?path=aHR0cDovL2Vkd2FyZHMueWFsZS5lZHUvY2dpLWJpbi9uZXdwaGlsby9zZWxlY3QucGw/d2plby42Nw==,d2plby42Nw==.html
http://edwards.yale.edu/archive?path=aHR0cDovL2Vkd2FyZHMueWFsZS5lZHUvY2dpLWJpbi9uZXdwaGlsby9zZWxlY3QucGw/d2plby42OA==,d2plby42OA==.html
http://edwards.yale.edu/archive?path=aHR0cDovL2Vkd2FyZHMueWFsZS5lZHUvY2dpLWJpbi9uZXdwaGlsby9zZWxlY3QucGw/d2plby42OQ==,d2plby42OQ==.html
http://edwards.yale.edu/archive?path=aHR0cDovL2Vkd2FyZHMueWFsZS5lZHUvY2dpLWJpbi9uZXdwaGlsby9zZWxlY3QucGw/d2plby43MA==,d2plby43MA==.html
